{
  "homebrew_version": "3.0.9-23-g04d1142",
  "used_options": [

  ],
  "unused_options": [

  ],
  "built_as_bottle": true,
  "poured_from_bottle": true,
  "installed_as_dependency": true,
  "installed_on_request": false,
  "changed_files": [
    "bin/c_rehash",
    "CHANGES",
    "lib/pkgconfig/libcrypto.pc",
    "lib/pkgconfig/libssl.pc",
    "lib/pkgconfig/openssl.pc",
    "share/man/man1/ca.1ssl",
    "share/man/man1/rehash.1ssl"
  ],
  "time": 1622942130,
  "source_modified_time": 1616678918,
  "compiler": "clang",
  "aliases": [
    "openssl"
  ],
  "runtime_dependencies": [

  ],
  "source": {
    "spec": "stable",
    "versions": {
      "stable": "1.1.1k",
      "head": null,
      "version_scheme": 1
    },
    "path": "/usr/local/Homebrew/Library/Taps/homebrew/homebrew-core/Formula/openssl@1.1.rb",
    "tap_git_head": "b10932e6511b68c83b13a08c02a7ba2fe71b7736",
    "tap": "homebrew/core"
  },
  "arch": "x86_64",
  "built_on": {
    "os": "Macintosh",
    "os_version": "macOS 11.2",
    "cpu_family": "penryn",
    "xcode": "12.4",
    "clt": "12.4.0.0.1.1610135815"
  }
}