{
  "homebrew_version": "3.1.2-51-g0e65d96",
  "used_options": [

  ],
  "unused_options": [

  ],
  "built_as_bottle": true,
  "poured_from_bottle": true,
  "installed_as_dependency": false,
  "installed_on_request": true,
  "changed_files": [
    "lib/pkgconfig/wimlib.pc"
  ],
  "time": 1622942137,
  "source_modified_time": 1618806944,
  "compiler": "clang",
  "aliases": [

  ],
  "runtime_dependencies": [
    {
      "full_name": "openssl@1.1",
      "version": "1.1.1k",
      "declared_directly": true
    }
  ],
  "source": {
    "spec": "stable",
    "versions": {
      "stable": "1.13.4",
      "head": null,
      "version_scheme": 0
    },
    "path": "/usr/local/Homebrew/Library/Taps/homebrew/homebrew-core/Formula/wimlib.rb",
    "tap_git_head": "b10932e6511b68c83b13a08c02a7ba2fe71b7736",
    "tap": "homebrew/core"
  },
  "arch": "x86_64",
  "built_on": {
    "os": "Macintosh",
    "os_version": "macOS 11.2",
    "cpu_family": "penryn",
    "xcode": "12.4",
    "clt": "12.4.0.0.1.1610135815"
  }
}